# 데이터관리

### TOC <!-- omit in toc -->
- [데이터관리](#데이터관리)
  - [삽입](#삽입)
  - [변경](#변경)
  - [삭제](#삭제)
  - [조회](#조회)
  - [정렬](#정렬)
  - [인덱스](#인덱스)
  - [JOIN](#join)




## 삽입

<img src='usingIMG/image-3.png' width=50%>  


**테이블에 데이터를 삽입**

~~~sql
INSERT INTO `class`.`student` VALUES ('2', '길지훈', '남자', '청주', '2000-06-08');

이런식으로 기존 컬럼순서에 맞춰서 값을 넣어도 되고

INSERT INTO `class`.`student` (`id`, `name`, `sex`, `address`, `birthday`) VALUES ('1', '길길이', '여자', '대전', '2000-06-08');

이런식으로 칼럼순서를 지정하고 값을 넣어도 된다!
~~~

테이블에서 데이터 조회
~~~sql
select * from student;

+----+-----------+--------+---------+---------------------+
| id | name      | sex    | address | birthday            |
+----+-----------+--------+---------+---------------------+
|  1 | 길길이      | 여자    | 대전     | 2000-06-08 00:00:00 |
|  2 | 길지훈      | 남자    | 청주     | 2000-06-08 00:00:00 |
+----+-----------+--------+---------+---------------------+
2 rows in set (0.00 sec)
~~~
  
<br></br>

## 변경

**데이터를 수정**

### 문법
~~~sql
UPDATE 테이블명 SET 컬럼1=컬럼1의 값, 컬럼2=컬럼2의 값 WHERE 대상이 될 컬럼명=컬럼의 값;
~~~

### 예제  

  
1. 특정 테이블, 특정 컬럼의 값을 변경하여 재설정하고 싶음.
~~~sql
UPDATE `student` SET address='서울';
~~~

2. 특정 테이블, 특정 컬럼의 값을 변경할건데, 특정 위치의 필드를 조정하고 싶음.
~~~sql
UPDATE `student` SET name='안소영' WHERE id=1;
~~~

3. 다중 업데이트도 가능
~~~sql
UPDATE `student` SET name='안소영', birthday='2003-11-18' WHERE id=1;
~~~

~~~sql
mysql> select * from student;
+----+-----------+--------+---------+---------------------+
| id | name      | sex    | address | birthday            |
+----+-----------+--------+---------+---------------------+
|  1 | 안소영    | 여자   | 대전    | 2003-11-18 00:00:00 |
|  2 | 길지훈    | 남자   | 청주    | 2000-06-08 00:00:00 |
+----+-----------+--------+---------+---------------------+
2 rows in set (0.00 sec)
~~~

**쨘** 
<br></br>

## 삭제
**행단위로 데이터를 삭★제**

### 문법
~~~sql
DELETE FROM 테이블명 [WHERE 삭제하려는 컬럼 명=값];
~~~

### 예제

먼저 임시 인간 데이터 하나를 넣자.
~~~sql
INSERT INTO `student` VALUES(3, '박경호', '남자', '영동', '1981-2-3');

mysql> select * from student;
+----+-----------+--------+---------+---------------------+
| id | name      | sex    | address | birthday            |
+----+-----------+--------+---------+---------------------+
|  1 | 안소영    | 여자   | 대전    | 2003-11-18 00:00:00 |
|  2 | 길지훈    | 남자   | 청주    | 2000-06-08 00:00:00 |
|  3 | 박경호    | 남자   | 영동    | 1981-02-03 00:00:00 |
+----+-----------+--------+---------+---------------------+
3 rows in set (0.00 sec)
~~~

그리고 삭제 (당연하겠지만 WHERE에 값엔 박경호씨에 해당하는 어떤 컬럼값을 넣어도 된다.)
~~~sql
DELETE FROM `student` WHERE name='박경호';

mysql>  select * from student;
+----+-----------+--------+---------+---------------------+
| id | name      | sex    | address | birthday            |
+----+-----------+--------+---------+---------------------+
|  1 | 안소영    | 여자   | 대전    | 2003-11-18 00:00:00 |
|  2 | 길지훈    | 남자   | 청주    | 2000-06-08 00:00:00 |
+----+-----------+--------+---------+---------------------+
2 rows in set (0.00 sec)
~~~

<br></br>

## 조회
**테이블에서 데이터를 조회**

### 문법
~~~sql
SELECT 컬럼명1, 컬럼명2 ...
    [FROM 테이블명]
    [GROUP BY 컬럼명]
    [ORDER BY 컬럼명 [ASC | DESC]]
    [LIMIT offset, 조회할 행 수]

* 순서가 아주 중요함
~~~

### 예제

기본 조회
~~~sql
SELECT * FROM student;
~~~

원하는 컬럼 조회
~~~sql
SELECT name, birthday FROM student;
~~~

특정 컬럼의 밸류를 대상으로 조회
~~~sql
SELECT * FROM student WHERE id=3;
~~~

조건을 통한 조회
~~~sql
SELECT * FROM student WHERE sex='남자' AND address='청주';
SELECT * FROM stduent WHERE sex='여자' OR address='충주';
~~~

가져오는 데이터양 설정

~~~sql
SELECT * FROM student LIMIT 1;

LIMIT의 뒤에 오는 숫자가 만약 0,1 이라면?
-> 앞에 오는 숫자가 offset이고 뒤에 숫자가 최대 가져오는 row이다.
-> 한마디로 offset이 0이라면 0번째 부터 ~ n번째, 이런식.
-> 조회 결과를 페이지 단위로 끊을 때 사용한다.

mysql> SELECT * FROM student LIMIT 0,1;
+----+-----------+--------+---------+---------------------+
| id | name      | sex    | address | birthday            |
+----+-----------+--------+---------+---------------------+
|  1 | 안소영    | 여자   | 충주    | 2003-11-18 00:00:00 |
+----+-----------+--------+---------+---------------------+
1 row in set (0.00 sec)

mysql> SELECT * FROM student LIMIT 0,2;
+----+-----------+--------+---------+---------------------+
| id | name      | sex    | address | birthday            |
+----+-----------+--------+---------+---------------------+
|  1 | 안소영    | 여자   | 충주    | 2003-11-18 00:00:00 |
|  2 | 길지훈    | 남자   | 청주    | 2000-06-08 00:00:00 |
+----+-----------+--------+---------+---------------------+
2 rows in set (0.00 sec)

mysql> SELECT * FROM student LIMIT 1,1;
+----+-----------+--------+---------+---------------------+
| id | name      | sex    | address | birthday            |
+----+-----------+--------+---------+---------------------+
|  2 | 길지훈    | 남자   | 청주    | 2000-06-08 00:00:00 |
+----+-----------+--------+---------+---------------------+
1 row in set (0.00 sec)

OK?
~~~

## 정렬

**지정된 컬럼을 기준으로 행을 정렬 (조회를 할 때 하는 것)**

### 문법
~~~sql
SELECT * FROM 테이블명 ORDER BY 정렬의 기준으로 사용할 열 [DESC|ASC]

* DESC : 내림차순 (10, 9, 8 ... 1)
* ASC  : 오름차순 (1, 2, 3 ... 10)
~~~

예제를 위해 먼저 컬럼 추가 & 데이터 추가
~~~sql
// 새로운 칼럼 추가
ALTER TABLE student ADD COLUMN distance int not null; 

// 데이터 추가
mysql> UPDATE `student` SET distance=1 WHERE id=1;
Query OK, 1 row affected (0.01 sec)
Rows matched: 1  Changed: 1  Warnings: 0

mysql> UPDATE `student` SET distance=2 WHERE id=2;
Query OK, 1 row affected (0.00 sec)
Rows matched: 1  Changed: 1  Warnings: 0

mysql> select * from student;
+----+-----------+--------+---------+---------------------+----------+
| id | name      | sex    | address | birthday            | distance |
+----+-----------+--------+---------+---------------------+----------+
|  1 | 안소영    | 여자   | 충주    | 2003-11-18 00:00:00 |        1 |
|  2 | 길지훈    | 남자   | 청주    | 2000-06-08 00:00:00 |        2 |
+----+-----------+--------+---------+---------------------+----------+
2 rows in set (0.00 sec)
~~~

### 예제1
~~~sql
mysql> SELECT * from student ORDER BY distance desc;
+----+-----------+--------+---------+---------------------+----------+
| id | name      | sex    | address | birthday            | distance |
+----+-----------+--------+---------+---------------------+----------+
|  2 | 길지훈    | 남자   | 청주    | 2000-06-08 00:00:00 |        2 |
|  1 | 안소영    | 여자   | 충주    | 2003-11-18 00:00:00 |        1 |
+----+-----------+--------+---------+---------------------+----------+
2 rows in set (0.00 sec)

mysql> SELECT * from student ORDER BY distance asc;
+----+-----------+--------+---------+---------------------+----------+
| id | name      | sex    | address | birthday            | distance |
+----+-----------+--------+---------+---------------------+----------+
|  1 | 안소영    | 여자   | 충주    | 2003-11-18 00:00:00 |        1 |
|  2 | 길지훈    | 남자   | 청주    | 2000-06-08 00:00:00 |        2 |
+----+-----------+--------+---------+---------------------+----------+
2 rows in set (0.00 sec)
~~~

### 예제2

예시상황) 길길이는 길지훈과 거리는 같은데 주소가 다르다.
~~~sql
+----+-----------+--------+---------+---------------------+----------+
| id | name      | sex    | address | birthday            | distance |
+----+-----------+--------+---------+---------------------+----------+
|  1 | 안소영    | 여자   | 충주    | 2003-11-18 00:00:00 |        1 |
|  2 | 길지훈    | 남자   | 청주    | 2000-06-08 00:00:00 |        2 |
|  3 | 길길이    | 남자   | 대전    | 2000-06-09 00:00:00 |        2 |
+----+-----------+--------+---------+---------------------+----------+
~~~

~~~sql
mysql> select * from student order by distance desc, address asc;
+----+-----------+--------+---------+---------------------+----------+
| id | name      | sex    | address | birthday            | distance |
+----+-----------+--------+---------+---------------------+----------+
|  3 | 길길이    | 남자   | 대전    | 2000-06-09 00:00:00 |        2 |
|  2 | 길지훈    | 남자   | 청주    | 2000-06-08 00:00:00 |        2 |
|  1 | 안소영    | 여자   | 충주    | 2003-11-18 00:00:00 |        1 |
+----+-----------+--------+---------+---------------------+----------+
3 rows in set (0.01 sec)

mysql> select * from student order by distance desc, address desc;
+----+-----------+--------+---------+---------------------+----------+
| id | name      | sex    | address | birthday            | distance |
+----+-----------+--------+---------+---------------------+----------+
|  2 | 길지훈    | 남자   | 청주    | 2000-06-08 00:00:00 |        2 |
|  3 | 길길이    | 남자   | 대전    | 2000-06-09 00:00:00 |        2 |
|  1 | 안소영    | 여자   | 충주    | 2003-11-18 00:00:00 |        1 |
+----+-----------+--------+---------+---------------------+----------+
3 rows in set (0.00 sec)
~~~

기본적으로 정렬은 앞 조건부터 차례대로 진행된다.  
거리비교로 먼저 내림차순을 해줬고, 후에 주소조건으로 오름차순과 내림차순을 한 모습.  

'대전'과 '청주'에서 'ㄷ'이 더 앞선 한글이기 때문.

## 인덱스

**색인, 조회할 때 원하는 행을 빠르게 찾을 수 있게 준비해둔 데이터**  

보통 가나다라마바사~ 뭐 이런식으로 페이지를 나눠서 쉽게 찾게 만들어 놓은게 '색인'  
그러니까 인덱스를 지정해서 조회를 빠르게~ 하려는거다. 데이터가 와아아안전 많은데  
인덱스가 지정되지 않는다면 매우 오래 걸리기 때문. 아주 중요한 요소라고 한다. (잘 설계해야됨.)

### 인덱스의 종류
- primary : 중복되지 않는 유일한 키
- normal : 중복을 허용하는 인덱스
- unique : 중복을 허용하지 않는 유일한 키
- foreign : 다른 테이블과의 관계성을 부여하는 키
- full text : 자연어 검색, myisam에서만 지원

### 예제
*여기선 좀 데이터가 많이 필요해서 기존 student 테이블을 없애고 
새로운 테이블로 진행합니다.*

예제 코드
~~~sql
CREATE TABLE `student` (
  `id` tinyint(4) NOT NULL AUTO_INCREMENT,
  `name` char(4) NOT NULL,
  `address` varchar(50) NOT NULL,
  `department` enum('국문과','영문과','컴퓨터공학과','전자공학과','물리학과') NOT NULL,
  `introduction` text NOT NULL,
  `number` char(255) NOT NULL,
  PRIMARY KEY (`id`),
  UNIQUE KEY `idx_number` (`number`) USING BTREE,
  KEY `idx_department` (`department`),
  KEY `idx_department_name` (`department`,`address`),
  FULLTEXT KEY `idx_introduction` (`introduction`)
) ENGINE=MyISAM AUTO_INCREMENT=9 DEFAULT CHARSET=utf8;
 
INSERT INTO `student` VALUES (1, '이숙경', '청주', '컴퓨터공학과', '저는 컴퓨터 공학과에 다닙니다. computer', '0212031');
INSERT INTO `student` VALUES (2, '박재숙', '서울', '영문과', '저는 영문과에 다닙니다.', '0512321');
INSERT INTO `student` VALUES (3, '백태호', '경주', '컴퓨터공학과', '저는 컴퓨터 공학과에 다니고 경주에서 왔습니다.', '0913134');
INSERT INTO `student` VALUES (4, '김경훈', '제천', '국문과', '제천이 고향이고 국문과에 다닙니다.', '9813413');
INSERT INTO `student` VALUES (6, '김경진', '제주', '국문과', '이번에 국문과에 입학한 김경진이라고 합니다. 제주에서 왔어요.', '0534543');
INSERT INTO `student` VALUES (7, '박경호', '제주', '국문과', '박경호입니다. 잘 부탁드립니다.', '0134511');
INSERT INTO `student` VALUES (8, '김정인', '대전', '영문과', '김정인입니다. 대전에서 왔고, 영문과에 다닙니다.', '0034543');
~~~
### **Primary key**
위 코드를 보면 
~~~sql
PRIMARY KEY (`id`)
~~~
primary key로 id를 지정해주었음. -> 이 id는 각 로우에서 절대 겹치면 안됨.

- 테이블 전체를 통틀어서 중복되지 않는 값을 지정해야 한다.
- where 문을 사용해서 데이터 조회 시, 가장 고속으로 데이터를 가져올 수 있다.
- 테이블마다 단 하나의 primary key만 가질 수 있다.

~~~sql
select * from student where id=3; ------> 백태호씨 출력
~~~

### **Unique key**
- 테이블 전체를 통틀어서 중복되지 않는 값을 지정해야 한다. (==primary key)
- 고속으로 데이터를 가져올 수 있다.
- 여러개의 unique key를 지정할 수 있다. (!=primary key)  
> primary와 unique가 좀 헷갈렸는데   
> primary는 테이블 데이터 자체의 고유 id라고 보면 됨.   
> 걍 아파트 집 문앞에 호수 번호판 붙이잖음? 그거임.  
>  
> unique는 그 데이터가 중복이 나면 안되는 상황이라고 보면 된다.  
> ex. 중복되면 안되는 데이터 (주민등록번호, 군번 등) => Unique로 지정해서 중복 방지!

~~~sql
UNIQUE KEY `idx_number` (`number`) USING BTREE
~~~
-> 위처럼 지정해주는데, USING BTREE는 뭘까?  
-> USING BTREE는 MySQL에서 인덱스를 어떤 알고리즘으로 구현할 것인지를 명시하는 구문이다.    
MySQL에서는 여러 종류의 인덱스 알고리즘이 제공되며, BTREE는 그 중 하나.(이진 트리, Binary Tree)

### **Normal key**
- 중복을 허용한다.
- primary, unique보다 느림.
- 여러개의 키 지정 가능.
~~~sql
select * from student where department='국문과';
~~~
-> 엥? 어차피 where='칼럼명'하면 조회 되는거 아닌가요????  
-> 조회는 됨. 근데 성능의 차이가 있는 것임.  (좋은 질문.)    

### **Full Text**

~~~sql
mysql> SELECT introduction FROM student WHERE MATCH (introduction) AGAINST('영문과에');
+---------------------------------------------------------------------+
| introduction                                                        |
+---------------------------------------------------------------------+
| 저는 영문과에 다닙니다.                                             |
| 김정인입니다. 대전에서 왔고, 영문과에 다닙니다.                     |
+---------------------------------------------------------------------+
2 rows in set (0.00 sec)
~~~
말그대로 AGAINST(~에 맞서) 대상이 붙은 데이터를 찾아서 조회하는 것.  
Full Text는 데이터가 길 때, 긴 데이터안에서 원하는 데이터를 가져올 때 빠르게 가져올 수 있음.  
- 스토리지 엔진 중, myISAM에서만 사용 가능.
> ENGINE=MyISAM AUTO_INCREMENT=9 DEFAULT CHARSET=utf8;
- 한국어는 검색 잘 안됨. ㅋㅋ.  
- ***전문검색엔진 사용하셈 (lucene, sphinx 참고/오픈소스임)***

### 중복키
- 하나의 키에 여러개의 칼럼을 포함
~~~sql
// 지정
KEY `idx_department_name` (`department`,`address`)

// 조회
SELECT * FROM student WHERE department='국문과' AND address='제주';
~~~

### 인덱스의 정의 방법
- 자주 조회되는 컬럼에 적용!
- 조회 시 오랜시간을 소모하는 컬럼에 적용
- 데이터가 길면 인덱스를 사용 X.   
  (ex. URL / 데이터베이스를 차지 하는 용량이 커지는게 더 악영향인 경우가 많음.)

<br> 
</br>

## JOIN

**여러개의 테이블 사용하기.**  
**-> 데이터의 규모가 커지면서 하나의 테이블로 정보를 수용하기가 어려워지면 테이블을 분할하고 테이블 간의** **관계성을 부여한다.**  

### 예제 코드 1

~~~sql
DROP TABLE IF EXISTS `student`;
CREATE TABLE `student` (
  `id` tinyint(4) NOT NULL,
  `name` char(4) NOT NULL,
  `sex` enum('남자','여자') NOT NULL,
  `address` varchar(50) NOT NULL,
  `distance` INT NOT NULL,
  `birthday` datetime NOT NULL,
  PRIMARY KEY (`id`)
) ENGINE=InnoDB DEFAULT CHARSET=utf8;
   
INSERT INTO `student` VALUES (2, '박재숙', '남자', '서울',  10, '1985-10-26 00:00:00');
INSERT INTO `student` VALUES (1, '이숙경', '여자', '청주', 200, '1982-11-16 00:00:00');
INSERT INTO `student` VALUES (3, '백태호', '남자', '경주', 350, '1989-2-10 00:00:00');
INSERT INTO `student` VALUES (4, '김경훈', '남자', '제천', 190, '1979-11-4 00:00:00');
INSERT INTO `student` VALUES (8, '김정인', '남자', '제주', 400, '1990-10-1 00:00:00');
INSERT INTO `student` VALUES (6, '김경진', '여자', '제주', 400, '1985-1-1 00:00:00');
INSERT INTO `student` VALUES (7, '박경호', '남자', '영동', 310, '1981-2-3 00:00:00');
~~~
> 새로운 'student' 테이블 정의.  

### 예제 상황
1. address를 보면 '제주'가 2번 겹치는 것을 볼 수 있다.  
   -> 알고보니 제주도의 거리가 400이 아니라 500이라고 가정해보자.   
   -> 그렇다면 위의 경우에서 수정을 2회 해야한다. (김정인, 김경진 로우 둘다.)

2. '제주'라는 정보가 중복되어 저장되어있어서, 비효율성이 발생함. 
   -> 데이터가 적은 경우엔, 적은 비효율성이지만 데이터가 크다면 심각한 비효율성.

**=> 그래서 address와 distance라는 컬럼을 묶어서 별도의 테이블로 만들자!**  
**=> 그래서 새로만든 별도 테이블과 스튜던트 테이블을 따로 만들고 관계성을 부여하자!**

### 예제 코드 2
~~~sql
DROP TABLE IF EXISTS `student`;
CREATE TABLE `student` (
  `id` tinyint(4) NOT NULL,
  `name` char(4) NOT NULL,
  `sex` enum('남자','여자') NOT NULL,
  `location_id` tinyint(4) NOT NULL,
  `birthday` datetime NOT NULL,
  PRIMARY KEY (`id`)
) ENGINE=InnoDB DEFAULT CHARSET=utf8;
 
DROP TABLE IF EXISTS `location`;
CREATE TABLE `location` (
`id`  tinyint UNSIGNED NOT NULL AUTO_INCREMENT ,
`name`  varchar(20) NOT NULL ,
`distance`  tinyint UNSIGNED NOT NULL ,
PRIMARY KEY (`id`)
) ENGINE=InnoDB DEFAULT CHARSET=utf8;
~~~
> 'student', 'location'으로 분리된 두 테이블을 만들어준다.  

~~~sql
mysql> desc student;
+-------------+-------------------------+------+-----+---------+-------+
| Field       | Type                    | Null | Key | Default | Extra |
+-------------+-------------------------+------+-----+---------+-------+
| id          | tinyint                 | NO   | PRI | NULL    |       |
| name        | char(4)                 | NO   |     | NULL    |       |
| sex         | enum('남자','여자')     | NO   |     | NULL    |       |
| location_id | tinyint                 | NO   |     | NULL    |       |
| birthday    | datetime                | NO   |     | NULL    |       |
+-------------+-------------------------+------+-----+---------+-------+
5 rows in set (0.00 sec)

mysql> desc location;
+----------+------------------+------+-----+---------+----------------+
| Field    | Type             | Null | Key | Default | Extra          |
+----------+------------------+------+-----+---------+----------------+
| id       | tinyint unsigned | NO   | PRI | NULL    | auto_increment |
| name     | varchar(20)      | NO   |     | NULL    |                |
| distance | tinyint unsigned | NO   |     | NULL    |                |
+----------+------------------+------+-----+---------+----------------+
3 rows in set (0.00 sec)
~~~
> desc [table명]; 으로 구조 확인.

### 예제 코드 3

그럼 이제 테이블들에 값을 넣어주자!  

~~~sql
INSERT INTO `location` VALUES (1, '서울', 10);
INSERT INTO `location` VALUES (2, '청주', 200);
INSERT INTO `location` VALUES (3, '경주', 255);
INSERT INTO `location` VALUES (4, '제천', 190);
INSERT INTO `location` VALUES (5, '대전', 200);
INSERT INTO `location` VALUES (6, '제주', 255);
INSERT INTO `location` VALUES (7, '영동', 255);
INSERT INTO `location` VALUES (8, '광주', 255);
~~~
~~~sql
INSERT INTO `student` VALUES (1, '이숙경', '여자', 1, '1982-11-16 00:00:00');
INSERT INTO `student` VALUES (2, '박재숙', '남자', 2, '1985-10-26 00:00:00');
INSERT INTO `student` VALUES (3, '백태호', '남자', 3, '1989-2-10 00:00:00');
INSERT INTO `student` VALUES (4, '김경훈', '남자', 4, '1979-11-4 00:00:00');
INSERT INTO `student` VALUES (6, '김경진', '여자', 5, '1985-1-1 00:00:00');
INSERT INTO `student` VALUES (7, '박경호', '남자', 6, '1981-2-3 00:00:00');
INSERT INTO `student` VALUES (8, '김정인', '남자', 5, '1990-10-1 00:00:00');
~~~
데이터 추가 완료
~~~sql
mysql> select * from student;
+----+-----------+--------+-------------+---------------------+
| id | name      | sex    | location_id | birthday            |
+----+-----------+--------+-------------+---------------------+
|  1 | 이숙경    | 여자   |           1 | 1982-11-16 00:00:00 |
|  2 | 박재숙    | 남자   |           2 | 1985-10-26 00:00:00 |
|  3 | 백태호    | 남자   |           3 | 1989-02-10 00:00:00 |
|  4 | 김경훈    | 남자   |           4 | 1979-11-04 00:00:00 |
|  6 | 김경진    | 여자   |           5 | 1985-01-01 00:00:00 |
|  7 | 박경호    | 남자   |           6 | 1981-02-03 00:00:00 |
|  8 | 김정인    | 남자   |           5 | 1990-10-01 00:00:00 |
+----+-----------+--------+-------------+---------------------+
7 rows in set (0.00 sec)

mysql> select * from location;
+----+--------+----------+
| id | name   | distance |
+----+--------+----------+
|  1 | 서울   |       10 |
|  2 | 청주   |      200 |
|  3 | 경주   |      255 |
|  4 | 제천   |      190 |
|  5 | 대전   |      200 |
|  6 | 제주   |      255 |
|  7 | 영동   |      255 |
|  8 | 광주   |      255 |
+----+--------+----------+
8 rows in set (0.00 sec)
~~~
select * from [~]로 확인  
자 이제 연결성을 부여해줘야한다! ----> JOIN하자!    

---

### JOIN
**테이블간의 관계성에 따라서 복수의 테이블을 결합, 하나의 테이블인 것처럼 결과를 출력**

### JOIN의 종류
- **OUTTER JOIN** : 매칭되는 행이 없어도 결과를 가져오고 매칭되는 행이 없는 경우 NULL로 표시한다!  
  (**LEFT JOIN**, **RIGHT JOIN**이 있다.)

- **INNER JOIN** : 조인하는 두개의 테이블 모두에 데이터가 존재하는 행에 대해선 결과를 가져온다!

### LEFT JOIN

~~~sql
SELECT s.name, s.location_id, l.name AS address, l.distance  
FROM student AS s LEFT JOIN location AS l ON s.location_id = l.id;
~~~
> alias : 별칭,  
> student를 s로, location을 l로!  
> 그래서 로케이션의 name이었던 l.name을 address로 통합.  
> 'LEFT JOIN'은 왼쪽에 있는 테이블(student)를 기준으로 오른쪽 테이블(location)의 데이터를 가져온다는 의미이다.   
>  **=> student에다가 location을 Join.**  
>
> ON 키워드, 두 테이블을 결합했는데 그냥 결합만 하면 안되고 '조건'을 붙이는거임.  
> student라고 하는 테이블에 location_id라고 하는 컬럼과 location 테이블의 id 값이 같다라는 것을  
> ON이라는 키워드로 기술하는 것.  
>
> student라는 테이블 값을 가져올 때, student테이블의 location_id 밸류들이 location 테이블의 id 행들이 출력되는 것.  
>
~~~sql
+-----------+-------------+---------+----------+
| name      | location_id | address | distance |
+-----------+-------------+---------+----------+
| 이숙경      |           1 | 서울     |       10 |
| 박재숙      |           2 | 청주     |      200 |
| 백태호      |           3 | 경주     |      255 |
| 김경훈      |           4 | 제천     |      190 |
| 김경진      |           5 | 대전     |      200 |
| 박경호      |           6 | 제주     |      255 |
| 김정인      |           5 | 대전     |      200 |
+-----------+-------------+---------+----------+
7 rows in set (0.00 sec)
~~~
이렇게 select 쿼리문을 입력하면 위처럼 결과가 나오게 된다.
~~~sql
mysql> SELECT s.name, s.location_id, l.name AS address, l.distance  FROM student AS s LEFT JOIN location AS l ON s.location_id = l.id WHERE s.location_id=3;
+-----------+-------------+---------+----------+
| name      | location_id | address | distance |
+-----------+-------------+---------+----------+
| 백태호    |           3 | 경주    |      255 |
+-----------+-------------+---------+----------+
1 row in set (0.00 sec)
~~~
이런식으로 뒤에 WHERE로 조건도 당연히 걸 수 있음!!  

### OUTER JOIN과 INNER JOIN의 차이

Location에서 제주를 삭제 후 OUTTER JOIN(LEFT JOIN)과 INNER JOIN의 차이를 비교  
왜 삭제하냐구??? **'아래에서 확인'**

~~~sql
DELETE FROM location WHERE name='제주'; 
 
SELECT s.name, s.location_id, l.name AS address, l.distance  FROM student AS s LEFT JOIN location AS l ON s.location_id = l.id; 

+-----------+-------------+---------+----------+
| name      | location_id | address | distance |
+-----------+-------------+---------+----------+
| 이숙경    |           1 | 서울    |       10 |
| 박재숙    |           2 | 청주    |      200 |
| 백태호    |           3 | 경주    |      255 |
| 김경훈    |           4 | 제천    |      190 |
| 김경진    |           5 | 대전    |      200 |
| 박경호    |           6 | NULL   |     NULL |
| 김정인    |           5 | 대전    |      200 |
+-----------+-------------+---------+----------+
 
SELECT s.name, s.location_id, l.name AS address, l.distance  FROM student AS s INNER JOIN location AS l ON s.location_id = l.id;

+-----------+-------------+---------+----------+
| name      | location_id | address | distance |
+-----------+-------------+---------+----------+
| 이숙경    |           1 | 서울    |       10 |
| 박재숙    |           2 | 청주    |      200 |
| 백태호    |           3 | 경주    |      255 |
| 김경훈    |           4 | 제천    |      190 |
| 김경진    |           5 | 대전    |      200 |
| 김정인    |           5 | 대전    |      200 |
+-----------+-------------+---------+----------+
~~~
> 
>  LEFT JOIN : OUTER JOIN은 테이블 간 결합을 했을 때, 한 쪽 테이블에 데이터가 없다하더라도 NULL로 표현함.    
> 
> INNER JOIN : 한쪽 테이블에 데이터가 없다면, 그 행 자체를 결과에서 빼버림!

