# 데이터관리

### TOC <!-- omit in toc -->
- [데이터관리](#데이터관리)
  - [삽입](#삽입)
  - [변경](#변경)
  - [삭제](#삭제)
  - [조회](#조회)
  - [정렬](#정렬)
  - [인덱스](#인덱스)




## 삽입

<img src='usingIMG/image-3.png' width=50%>  


**테이블에 데이터를 삽입**

~~~sql
INSERT INTO `class`.`student` VALUES ('2', '길지훈', '남자', '청주', '2000-06-08');

이런식으로 기존 컬럼순서에 맞춰서 값을 넣어도 되고

INSERT INTO `class`.`student` (`id`, `name`, `sex`, `address`, `birthday`) VALUES ('1', '길길이', '여자', '대전', '2000-06-08');

이런식으로 칼럼순서를 지정하고 값을 넣어도 된다!
~~~

테이블에서 데이터 조회
~~~sql
select * from student;

+----+-----------+--------+---------+---------------------+
| id | name      | sex    | address | birthday            |
+----+-----------+--------+---------+---------------------+
|  1 | 길길이      | 여자    | 대전     | 2000-06-08 00:00:00 |
|  2 | 길지훈      | 남자    | 청주     | 2000-06-08 00:00:00 |
+----+-----------+--------+---------+---------------------+
2 rows in set (0.00 sec)
~~~
  
<br></br>

## 변경

**데이터를 수정**

### 문법
~~~sql
UPDATE 테이블명 SET 컬럼1=컬럼1의 값, 컬럼2=컬럼2의 값 WHERE 대상이 될 컬럼명=컬럼의 값;
~~~

### 예제  

  
1. 특정 테이블, 특정 컬럼의 값을 변경하여 재설정하고 싶음.
~~~sql
UPDATE `student` SET address='서울';
~~~

2. 특정 테이블, 특정 컬럼의 값을 변경할건데, 특정 위치의 필드를 조정하고 싶음.
~~~sql
UPDATE `student` SET name='안소영' WHERE id=1;
~~~

3. 다중 업데이트도 가능
~~~sql
UPDATE `student` SET name='안소영', birthday='2003-11-18' WHERE id=1;
~~~

~~~sql
mysql> select * from student;
+----+-----------+--------+---------+---------------------+
| id | name      | sex    | address | birthday            |
+----+-----------+--------+---------+---------------------+
|  1 | 안소영    | 여자   | 대전    | 2003-11-18 00:00:00 |
|  2 | 길지훈    | 남자   | 청주    | 2000-06-08 00:00:00 |
+----+-----------+--------+---------+---------------------+
2 rows in set (0.00 sec)
~~~

**쨘** 
<br></br>

## 삭제
**행단위로 데이터를 삭★제**

### 문법
~~~sql
DELETE FROM 테이블명 [WHERE 삭제하려는 컬럼 명=값];
~~~

### 예제

먼저 임시 인간 데이터 하나를 넣자.
~~~sql
INSERT INTO `student` VALUES(3, '박경호', '남자', '영동', '1981-2-3');

mysql> select * from student;
+----+-----------+--------+---------+---------------------+
| id | name      | sex    | address | birthday            |
+----+-----------+--------+---------+---------------------+
|  1 | 안소영    | 여자   | 대전    | 2003-11-18 00:00:00 |
|  2 | 길지훈    | 남자   | 청주    | 2000-06-08 00:00:00 |
|  3 | 박경호    | 남자   | 영동    | 1981-02-03 00:00:00 |
+----+-----------+--------+---------+---------------------+
3 rows in set (0.00 sec)
~~~

그리고 삭제 (당연하겠지만 WHERE에 값엔 박경호씨에 해당하는 어떤 컬럼값을 넣어도 된다.)
~~~sql
DELETE FROM `student` WHERE name='박경호';

mysql>  select * from student;
+----+-----------+--------+---------+---------------------+
| id | name      | sex    | address | birthday            |
+----+-----------+--------+---------+---------------------+
|  1 | 안소영    | 여자   | 대전    | 2003-11-18 00:00:00 |
|  2 | 길지훈    | 남자   | 청주    | 2000-06-08 00:00:00 |
+----+-----------+--------+---------+---------------------+
2 rows in set (0.00 sec)
~~~

<br></br>

## 조회
**테이블에서 데이터를 조회**

### 문법
~~~sql
SELECT 컬럼명1, 컬럼명2 ...
    [FROM 테이블명]
    [GROUP BY 컬럼명]
    [ORDER BY 컬럼명 [ASC | DESC]]
    [LIMIT offset, 조회할 행 수]

* 순서가 아주 중요함
~~~

### 예제

기본 조회
~~~sql
SELECT * FROM student;
~~~

원하는 컬럼 조회
~~~sql
SELECT name, birthday FROM student;
~~~

특정 컬럼의 밸류를 대상으로 조회
~~~sql
SELECT * FROM student WHERE id=3;
~~~

조건을 통한 조회
~~~sql
SELECT * FROM student WHERE sex='남자' AND address='청주';
SELECT * FROM stduent WHERE sex='여자' OR address='충주';
~~~

가져오는 데이터양 설정

~~~sql
SELECT * FROM student LIMIT 1;

LIMIT의 뒤에 오는 숫자가 만약 0,1 이라면?
-> 앞에 오는 숫자가 offset이고 뒤에 숫자가 최대 가져오는 row이다.
-> 한마디로 offset이 0이라면 0번째 부터 ~ n번째, 이런식.
-> 조회 결과를 페이지 단위로 끊을 때 사용한다.

mysql> SELECT * FROM student LIMIT 0,1;
+----+-----------+--------+---------+---------------------+
| id | name      | sex    | address | birthday            |
+----+-----------+--------+---------+---------------------+
|  1 | 안소영    | 여자   | 충주    | 2003-11-18 00:00:00 |
+----+-----------+--------+---------+---------------------+
1 row in set (0.00 sec)

mysql> SELECT * FROM student LIMIT 0,2;
+----+-----------+--------+---------+---------------------+
| id | name      | sex    | address | birthday            |
+----+-----------+--------+---------+---------------------+
|  1 | 안소영    | 여자   | 충주    | 2003-11-18 00:00:00 |
|  2 | 길지훈    | 남자   | 청주    | 2000-06-08 00:00:00 |
+----+-----------+--------+---------+---------------------+
2 rows in set (0.00 sec)

mysql> SELECT * FROM student LIMIT 1,1;
+----+-----------+--------+---------+---------------------+
| id | name      | sex    | address | birthday            |
+----+-----------+--------+---------+---------------------+
|  2 | 길지훈    | 남자   | 청주    | 2000-06-08 00:00:00 |
+----+-----------+--------+---------+---------------------+
1 row in set (0.00 sec)

OK?
~~~

## 정렬

**지정된 컬럼을 기준으로 행을 정렬 (조회를 할 때 하는 것)**

### 문법
~~~sql
SELECT * FROM 테이블명 ORDER BY 정렬의 기준으로 사용할 열 [DESC|ASC]

* DESC : 오름차순 (10, 9, 8 ... 1)
* ASC  : 내림차순 (1, 2, 3 ... 10)
~~~

예제를 위해 먼저 컬럼 추가 & 데이터 추가
~~~sql
// 새로운 칼럼 추가
ALTER TABLE student ADD COLUMN distance int not null; 

// 데이터 추가
mysql> UPDATE `student` SET distance=1 WHERE id=1;
Query OK, 1 row affected (0.01 sec)
Rows matched: 1  Changed: 1  Warnings: 0

mysql> UPDATE `student` SET distance=2 WHERE id=2;
Query OK, 1 row affected (0.00 sec)
Rows matched: 1  Changed: 1  Warnings: 0

mysql> select * from student;
+----+-----------+--------+---------+---------------------+----------+
| id | name      | sex    | address | birthday            | distance |
+----+-----------+--------+---------+---------------------+----------+
|  1 | 안소영    | 여자   | 충주    | 2003-11-18 00:00:00 |        1 |
|  2 | 길지훈    | 남자   | 청주    | 2000-06-08 00:00:00 |        2 |
+----+-----------+--------+---------+---------------------+----------+
2 rows in set (0.00 sec)
~~~

### 예제1
~~~sql
mysql> SELECT * from student ORDER BY distance desc;
+----+-----------+--------+---------+---------------------+----------+
| id | name      | sex    | address | birthday            | distance |
+----+-----------+--------+---------+---------------------+----------+
|  2 | 길지훈    | 남자   | 청주    | 2000-06-08 00:00:00 |        2 |
|  1 | 안소영    | 여자   | 충주    | 2003-11-18 00:00:00 |        1 |
+----+-----------+--------+---------+---------------------+----------+
2 rows in set (0.00 sec)

mysql> SELECT * from student ORDER BY distance asc;
+----+-----------+--------+---------+---------------------+----------+
| id | name      | sex    | address | birthday            | distance |
+----+-----------+--------+---------+---------------------+----------+
|  1 | 안소영    | 여자   | 충주    | 2003-11-18 00:00:00 |        1 |
|  2 | 길지훈    | 남자   | 청주    | 2000-06-08 00:00:00 |        2 |
+----+-----------+--------+---------+---------------------+----------+
2 rows in set (0.00 sec)
~~~

### 예제2

예시상황) 길길이는 길지훈과 거리는 같은데 주소가 다르다.
~~~sql
+----+-----------+--------+---------+---------------------+----------+
| id | name      | sex    | address | birthday            | distance |
+----+-----------+--------+---------+---------------------+----------+
|  1 | 안소영    | 여자   | 충주    | 2003-11-18 00:00:00 |        1 |
|  2 | 길지훈    | 남자   | 청주    | 2000-06-08 00:00:00 |        2 |
|  3 | 길길이    | 남자   | 대전    | 2000-06-09 00:00:00 |        2 |
+----+-----------+--------+---------+---------------------+----------+
~~~

~~~sql
mysql> select * from student order by distance desc, address asc;
+----+-----------+--------+---------+---------------------+----------+
| id | name      | sex    | address | birthday            | distance |
+----+-----------+--------+---------+---------------------+----------+
|  3 | 길길이    | 남자   | 대전    | 2000-06-09 00:00:00 |        2 |
|  2 | 길지훈    | 남자   | 청주    | 2000-06-08 00:00:00 |        2 |
|  1 | 안소영    | 여자   | 충주    | 2003-11-18 00:00:00 |        1 |
+----+-----------+--------+---------+---------------------+----------+
3 rows in set (0.01 sec)

mysql> select * from student order by distance desc, address desc;
+----+-----------+--------+---------+---------------------+----------+
| id | name      | sex    | address | birthday            | distance |
+----+-----------+--------+---------+---------------------+----------+
|  2 | 길지훈    | 남자   | 청주    | 2000-06-08 00:00:00 |        2 |
|  3 | 길길이    | 남자   | 대전    | 2000-06-09 00:00:00 |        2 |
|  1 | 안소영    | 여자   | 충주    | 2003-11-18 00:00:00 |        1 |
+----+-----------+--------+---------+---------------------+----------+
3 rows in set (0.00 sec)
~~~

기본적으로 정렬은 앞 조건부터 차례대로 진행된다.  
거리비교로 먼저 내림차순을 해줬고, 후에 주소조건으로 오름차순과 내림차순을 한 모습.  

'대전'과 '청주'에서 'ㄷ'이 더 앞선 한글이기 때문.

## 인덱스

**색인, 조회할 때 원하는 행을 빠르게 찾을 수 있게 준비해둔 데이터**  

보통 가나다라마바사~ 뭐 이런식으로 페이지를 나눠서 쉽게 찾게 만들어 놓은게 '색인'  
그러니까 인덱스를 지정해서 조회를 빠르게~ 하려는거다. 데이터가 와아아안전 많은데  
인덱스가 지정되지 않는다면 매우 오래 걸리기 때문. 아주 중요한 요소라고 한다. (잘 설계해야됨.)

### 인덱스의 종류
- primary : 중복되지 않는 유일한 키
- normal : 중복을 허용하는 인덱스
- unique : 중복을 허용하지 않는 유일한 키
- foreign : 다른 테이블과의 관계성을 부여하는 키
- full text : 자연어 검색, myisam에서만 지원

### 예제
*여기선 좀 데이터가 많이 필요해서 기존 student 테이블을 없애고 
새로운 테이블로 진행합니다.*

예제 코드
~~~sql
CREATE TABLE `student` (
  `id` tinyint(4) NOT NULL AUTO_INCREMENT,
  `name` char(4) NOT NULL,
  `address` varchar(50) NOT NULL,
  `department` enum('국문과','영문과','컴퓨터공학과','전자공학과','물리학과') NOT NULL,
  `introduction` text NOT NULL,
  `number` char(255) NOT NULL,
  PRIMARY KEY (`id`),
  UNIQUE KEY `idx_number` (`number`) USING BTREE,
  KEY `idx_department` (`department`),
  KEY `idx_department_name` (`department`,`address`),
  FULLTEXT KEY `idx_introduction` (`introduction`)
) ENGINE=MyISAM AUTO_INCREMENT=9 DEFAULT CHARSET=utf8;
 
INSERT INTO `student` VALUES (1, '이숙경', '청주', '컴퓨터공학과', '저는 컴퓨터 공학과에 다닙니다. computer', '0212031');
INSERT INTO `student` VALUES (2, '박재숙', '서울', '영문과', '저는 영문과에 다닙니다.', '0512321');
INSERT INTO `student` VALUES (3, '백태호', '경주', '컴퓨터공학과', '저는 컴퓨터 공학과에 다니고 경주에서 왔습니다.', '0913134');
INSERT INTO `student` VALUES (4, '김경훈', '제천', '국문과', '제천이 고향이고 국문과에 다닙니다.', '9813413');
INSERT INTO `student` VALUES (6, '김경진', '제주', '국문과', '이번에 국문과에 입학한 김경진이라고 합니다. 제주에서 왔어요.', '0534543');
INSERT INTO `student` VALUES (7, '박경호', '제주', '국문과', '박경호입니다. 잘 부탁드립니다.', '0134511');
INSERT INTO `student` VALUES (8, '김정인', '대전', '영문과', '김정인입니다. 대전에서 왔고, 영문과에 다닙니다.', '0034543');
~~~
### **Primary key**
위 코드를 보면 
~~~sql
PRIMARY KEY (`id`)
~~~
primary key로 id를 지정해주었음. -> 이 id는 각 로우에서 절대 겹치면 안됨.

- 테이블 전체를 통틀어서 중복되지 않는 값을 지정해야 한다.
- where 문을 사용해서 데이터 조회 시, 가장 고속으로 데이터를 가져올 수 있다.
- 테이블마다 단 하나의 primary key만 가질 수 있다.

~~~sql
select * from student where id=3; ------> 백태호씨 출력
~~~

### **Unique key**
- 테이블 전체를 통틀어서 중복되지 않는 값을 지정해야 한다. (==primary key)
- 고속으로 데이터를 가져올 수 있다.
- 여러개의 unique key를 지정할 수 있다. (!=primary key)  
> primary와 unique가 좀 헷갈렸는데   
> primary는 테이블 데이터 자체의 고유 id라고 보면 됨.   
> 걍 아파트 집 문앞에 호수 번호판 붙이잖음? 그거임.  
>  
> unique는 그 데이터가 중복이 나면 안되는 상황이라고 보면 된다.  
> ex. 중복되면 안되는 데이터 (주민등록번호, 군번 등) => Unique로 지정해서 중복 방지!

~~~sql
UNIQUE KEY `idx_number` (`number`) USING BTREE
~~~
-> 위처럼 지정해주는데, USING BTREE는 뭘까?  
-> USING BTREE는 MySQL에서 인덱스를 어떤 알고리즘으로 구현할 것인지를 명시하는 구문이다.    
MySQL에서는 여러 종류의 인덱스 알고리즘이 제공되며, BTREE는 그 중 하나.(이진 트리, Binary Tree)

### **Normal key**
- 중복을 허용한다.
- primary, unique보다 느림.
- 여러개의 키 지정 가능.
~~~sql
select * from student where department='국문과';
~~~
-> 엥? 어차피 where='칼럼명'하면 조회 되는거 아닌가요????  
-> 조회는 됨. 근데 성능의 차이가 있는 것임.  (좋은 질문.)    

### **Full Text**

~~~sql
mysql> SELECT introduction FROM student WHERE MATCH (introduction) AGAINST('영문과에');
+---------------------------------------------------------------------+
| introduction                                                        |
+---------------------------------------------------------------------+
| 저는 영문과에 다닙니다.                                             |
| 김정인입니다. 대전에서 왔고, 영문과에 다닙니다.                     |
+---------------------------------------------------------------------+
2 rows in set (0.00 sec)
~~~
말그대로 AGAINST(~에 맞서) 대상이 붙은 데이터를 찾아서 조회하는 것.  
Full Text는 데이터가 길 때, 긴 데이터안에서 원하는 데이터를 가져올 때 빠르게 가져올 수 있음.  
- 스토리지 엔진 중, myISAM에서만 사용 가능.
> ENGINE=MyISAM AUTO_INCREMENT=9 DEFAULT CHARSET=utf8;
- 한국어는 검색 잘 안됨. ㅋㅋ.  
- ***전문검색엔진 사용하셈 (lucene, sphinx 참고/오픈소스임)***

### 중복키
- 하나의 키에 여러개의 칼럼을 포함
~~~sql
// 지정
KEY `idx_department_name` (`department`,`address`)

// 조회
SELECT * FROM student WHERE department='국문과' AND address='제주';
~~~

### 인덱스의 정의 방법
- 자주 조회되는 컬럼에 적용!
- 조회 시 오랜시간을 소모하는 컬럼에 적용
- 데이터가 길면 인덱스를 사용 X.   
  (ex. URL / 데이터베이스를 차지 하는 용량이 커지는게 더 악영향인 경우가 많음.)